[
  {
    "city": "Москва",
    "type": "пункт выдачи заказов",
    "address": "Россия, Москва Город, Москва, Проспект Андропова, 8, ТЦ Мегаполис, кв. 2 этаж помещ В-8",
    "phone": "+79612167688",
    "hours_string": "ПН: 10:00-21:00; ВТ: 10:00-21:00; СР: 10:00-21:00; ЧТ: 10:00-21:00; ПТ: 10:00-21:00; СБ: 10:00-21:00; ВС: 10:00-21:00"
  },
  {
    "city": "Новосибирск",
    "type": "пункт выдачи заказов",
    "address": "630008, Россия, г.Новосибирск, Октябрьский район, улица Кирова, 25, ЖК Корона, этаж 2",
    "phone": "+79134519598",
    "hours_string": "Ежедневно 10:00-20:00"
  },
  {
    "city": "Санкт-Петербург",
    "type": "пункт выдачи заказов",
    "address": "Россия, Санкт-Петербург Город, Санкт-Петербург, Лиговский проспект, 153 лит А, ТРК Лиговъ, кв. этаж 2",
    "phone": "+79039349590",
    "hours_string": "ПН: 10:00-22:00; ВТ: 10:00-22:00; СР: 10:00-22:00; ЧТ: 10:00-22:00; ПТ: 10:00-22:00; СБ: 10:00-22:00; ВС: 10:00-22:00"
  },
  {
    "city": "Краснодар",
    "type": "пункт выдачи заказов",
    "address": "Россия, Краснодарский Край, Краснодар, Володи Головатого, 302, 1 этаж",
    "phone": "+79039349616",
    "hours_string": "ПН: Выходной; ВТ: 11:00-20:00; СР: 11:00-20:00; ЧТ: 11:00-20:00; ПТ: 11:00-20:00; СБ: 10:00-18:00; ВС: Выходной"
  },
  {
    "city": "Красноярск",
    "type": "пункт выдачи заказов",
    "address": "660064, Россия, Красноярская край, г. Красноярск, ул. Весны, 1, микрорайон Взлётка, ТЦ Взлётка - Плаза, этаж 3",
    "phone": "+79535999015",
    "hours_string": "Ежедневно: 10:00-21:00"
  },
  {
    "city": "Лесосибирск",
    "type": "пункт выдачи заказов",
    "address": "662541, Россия, Красноярский край, г. Лесосибирск, ул. Мира 1 А, этаж 3",
    "phone": "+79135128187",
    "hours_string": "Пн: Выходной, Вт-Пт: 10:00-19:00, Сб: 10:00-15:00, Вс: Выходной"
  },
  {
    "city": "Барнаул",
    "type": "пункт выдачи заказов",
    "address": "Россия, Алтайский Край, Барнаул, Взлётная, 29, кв. БЦ Крылья, этаж 3, офис 307",
    "phone": "+79612167627",
    "hours_string": "ПН: Выходной; ВТ: 11:00-20:00; СР: 11:00-20:00; ЧТ: 11:00-20:00; ПТ: 11:00-20:00; СБ: 11:00-18:00; ВС: Выходной"
  },
  {
    "city": "Казань",
    "type": "пункт выдачи заказов",
    "address": "420301, Россия, Республики Татарстан, г. Казань, ул.Баумана 51, Торговый центр «ГУМ», 3 этаж",
    "phone": "+79625754592",
    "hours_string": "Ежедневно: 10:00-21:00"
  },
  {
    "city": "Новокузнецк",
    "type": "пункт выдачи заказов",
    "address": "Россия, Кемеровская область - Кузбасс Область, Новокузнецк, Проспект Металлургов, 16, кв. 2 этаж",
    "phone": "+79039349849",
    "hours_string": "ПН: Выходной; ВТ: 11:00-20:00; СР: 11:00-20:00; ЧТ: 11:00-20:00; ПТ: 11:00-20:00; СБ: 11:00-20:00; ВС: Выходной"
  },
  {
    "city": "Оренбург",
    "type": "пункт выдачи заказов",
    "address": "460040, Россия, г. Оренбург, Ленинский проспект, ул. Мира 3/1",
    "phone": "+79958531813",
    "hours_string": "Пн,Вс: Выходной, Вт-Пт: 12:00-19:00, Сб: 12:00-17:00"
  },
  {
    "city": "Иркутск",
    "type": "пункт выдачи заказов",
    "address": "664009, Россия, Иркутская область, г. Иркутск, ул 5-й армии, 29, ТЦ \"Авана\", 1 этаж, павильон 2",
    "phone": "+79612167682",
    "hours_string": "Ежедневно: 10:00-19:40"
  },
  {
    "city": "Норильск",
    "type": "пункт выдачи заказов",
    "address": "663302, Россия, г. Норильск ул. Комсомольская д. 31, 4 этаж, оф 408 ТЦ «ГОСТИНЫЙ ДВОР»",
    "phone": "+79135067476",
    "hours_string": "Вс, Пн: Выходной, Вт-Пт: 12:00-20:00, Сб: 12:00-18:00"
  },
  {
    "city": "Владивосток",
    "type": "пункт выдачи заказов",
    "address": "690001, Россия, Приморский край, г. Владивосток, Ленинский район, ул. Светланская 29, этаж 4, ТЦ \"Центральный\"",
    "phone": "+79841467630",
    "hours_string": "Ежедневно: 10:00-20:00"
  },
  {
    "city": "Чита",
    "type": "пункт выдачи заказов",
    "address": "672990, Россия, Забайкальский край, г. Чита, ул. Курнатовского д.12",
    "phone": "+79144582825",
    "hours_string": "Пн,Вс: Выходной, Вт-Пт: 11:00-20:00, Сб: 10:00-18:00"
  },
  {
    "city": "Находка",
    "type": "пункт выдачи заказов",
    "address": "692904, Россия, г. Находка, Находкинский проспект, д.12, БЦ «Буревестник», 5 этаж, офис 502",
    "phone": "+79240030807",
    "hours_string": "Вс: Выходной, Пн-Пт: 11:00-19:00, Сб: 12:00-18:00"
  },
  {
    "city": "Махачкала",
    "type": "пункт выдачи заказов",
    "address": "367013, Россия, Дагестанская Республика, г. Махачкала, Проспект Гамидова 18Т, Торговый Центр «Метро», 5 этаж",
    "phone": "+79612167674",
    "hours_string": "Пн,Вс: Выходной, Вт-Пт: 11:00-20:00, Сб: 10:00-18:00"
  },
  {
    "city": "Чернышевск",
    "type": "пункт выдачи заказов",
    "address": "Россия, Забойкальский край, г. Чернышевск, Центральная, 23 строение 2",
    "phone": "+79143512787",
    "hours_string": "Вс, Пн: Выходной, Вт-Сб: 11:00-19:00"
  },
  {
    "city": "Пермь",
    "type": "пункт выдачи заказов",
    "address": "Россия, Пермская область, г. Пермь, ул. Белинского 31, 2 этаж, ТЦ «Солнечный город»",
    "phone": "+79523204646",
    "hours_string": "Пн,Вс: Выходной, Вт-Пт: 11:00-19:00, Сб: 12:00-17:00"
  },
  {
    "city": "Грозный",
    "type": "пункт выдачи заказов",
    "address": "Россия, Чеченская Республика, Грозный, Умара Кадырова, 46",
    "phone": "+79039350328",
    "hours_string": "ПН: Выходной; ВТ: 08:00-17:00; СР: 08:00-17:00; ЧТ: 08:00-17:00; ПТ: 08:00-17:00; СБ: 08:00-17:00; ВС: Выходной"
  },
  {
    "city": "Калининград",
    "type": "пункт выдачи заказов",
    "address": "236961, Россия, г. Калининград, ул. Советский проспект - 199, 3-й этаж, офис 5",
    "phone": null,
    "hours_string": "Сб,Вс: Выходной, Пн-Пт: 9:00-18:00"
  },
  {
    "city": "Астрахань",
    "type": "пункт выдачи заказов",
    "address": "Россия, Астраханская Область, Астрахань, Николая Островского, 119а, кв. ТЦ Яркий, 2 этаж",
    "phone": "+79021106463",
    "hours_string": "ПН: Выходной; ВТ: Выходной; СР: 11:00-20:00; ЧТ: 11:00-20:00; ПТ: 11:00-20:00; СБ: 11:00-20:00; ВС: 11:00-18:00"
  },
  {
    "city": "Орел",
    "type": "пункт выдачи заказов",
    "address": "302961, Россия, Орловская область, г. Орёл, Новосильский пер, 3",
    "phone": "+79102027381",
    "hours_string": "Пн,Вс: Выходной, Вт-Пт: 10:00-19:00, Сб: 10:00-15:00"
  },
  {
    "city": "Уфа",
    "type": "пункт выдачи заказов",
    "address": "450095, Россия, г. Уфа, ТЦ Мир, Проспект Октября, 4/1",
    "phone": "+79174648356",
    "hours_string": "Пн,Вс: Выходной, Вт-Пт: 11:00-20:00, Сб: 11:00-18:00"
  },
  {
    "city": "Комсомольск-на-Амуре",
    "type": "пункт выдачи заказов",
    "address": "450095, Россия, г. Комсомольск-на-Амуре, ул. Вокзальная 54, 1 этаж, офис 1А",
    "phone": "+79940967300",
    "hours_string": "Пн,Вс: Выходной, Вт-Сб: 10:00-19:00"
  },
  {
    "city": "Тюмень",
    "type": "пункт выдачи заказов",
    "address": "Россия, Тюменская Область, Тюмень, Некрасова, 10, ТД \"Центральный\", кв. этаж 4, офис 446",
    "phone": "+79135589616",
    "hours_string": "ПН: Выходной; ВТ: 11:00-19:00; СР: 11:00-19:00; ЧТ: 11:00-19:00; ПТ: 11:00-19:00; СБ: 11:00-15:00; ВС: Выходной"
  },
  {
    "city": "Екатеринбург",
    "type": "пункт выдачи заказов",
    "address": "Россия, Свердловская Область, Екатеринбург, Вайнера, 19, кв. ТЦ Бум, 3 этаж",
    "phone": "+79612167661",
    "hours_string": "ПН: Выходной; ВТ: 11:00-20:00; СР: 11:00-20:00; ЧТ: 11:00-20:00; ПТ: 11:00-20:00; СБ: 11:00-18:00; ВС: Выходной"
  },
  {
    "city": "Кемерово",
    "type": "пункт выдачи заказов",
    "address": "650002, Россия, г. Кемерово, пр-кт Шахтеров 81/Б",
    "phone": "+79950628050",
    "hours_string": "Пн,Вс: Выходной, Вт-Пт: 11:00-20:00, Сб: 11:00-18:00"
  },
  {
    "city": "Курган",
    "type": "пункт выдачи заказов",
    "address": "640000, Россия, г. Курган, ул. Ленина 27",
    "phone": "+79129723529",
    "hours_string": "Вс: Выходной, Пн: 16:00-20:00, Вт-Пт: 11:00-20:00, Сб: 11:00-15:00"
  },
  {
    "city": "Абакан",
    "type": "пункт выдачи заказов",
    "address": "Россия, Хакасия Республика, Абакан, Вяткина, 20, ТЦ Арена, этаж 1",
    "phone": "+79069951897",
    "hours_string": "ПН: Выходной; ВТ: 10:00-19:00; СР: 10:00-19:00; ЧТ: 10:00-19:00; ПТ: 10:00-19:00; СБ: 10:00-19:00; ВС: Выходной"
  },
  {
    "city": "Сочи",
    "type": "пункт выдачи заказов",
    "address": "Россия, Краснодарский Край, Сочи, Воровского, 41, кв. ТЦ Парус",
    "phone": "+79612167647",
    "hours_string": "ПН: Выходной; ВТ: 11:00-20:00; СР: 11:00-20:00; ЧТ: 11:00-20:00; ПТ: 11:00-20:00; СБ: 10:00-18:00; ВС: Выходной"
  },
  {
    "city": "Чебоксары",
    "type": "пункт выдачи заказов",
    "address": "Россия, Чувашская Республика - Чувашия, Чебоксары, Карла Маркса , 52/30, этаж 2, кв. \"Коммерческий центр\", офис 215 Г",
    "phone": null,
    "hours_string": "ПН: Выходной; ВТ: 12:00-19:00; СР: 12:00-19:00; ЧТ: 12:00-19:00; ПТ: 12:00-19:00; СБ: 12:00-19:00; ВС: Выходной"
  }
]